experiment,frame,file,download,jaccard,spanning_tree,ph0d,ph1d,layout_time,quality,fdl_init,frameTime,crossing,crossingAngle,angularResolutionMin,angularResolutionDev,totalEnergy,avgMotion,maxMotion,trustworthy_k_idx,trustworthy_q_local,trustworthy_q_global,continuity_k_idx,continuity_q_local,continuity_q_global,lcmc_k_idx,lcmc_q_local,lcmc_q_global
h1_retweet_2_force,600,data/retweet.json,432.89999997615814,1.2999999523162842,0.6000000238418579,5.399999976158142,9.5,0.20000004768371582,0.09999990463256836,19,0,0.9869861926678305,0.7188566442521289,0.7892613593270996,0.8867640095043503,7.428476809475042,536.6914846366122,845.0518668571744,18,0.9438563136955325,0.9235401937680021,18,0.9152716828447376,0.8904736187483635,18,0.4659253251353574,0.47765073377733247
