experiment,frame,file,download,jaccard,spanning_tree,ph0d,ph1d,layout_time,quality,fdl_init,frameTime,crossing,crossingAngle,angularResolutionMin,angularResolutionDev,totalEnergy,avgMotion,maxMotion,trustworthy_k_idx,trustworthy_q_local,trustworthy_q_global,continuity_k_idx,continuity_q_local,continuity_q_global,lcmc_k_idx,lcmc_q_local,lcmc_q_global
h1_science_collab_network_4_force,600,data/science_collab_network.json,871.3999999761581,0.30000007152557373,0.8999999761581421,15,15.899999976158142,0,0.20000004768371582,68.29999995231628,0,0.994635172239207,0.6993447544268321,0.344072578602571,0.5551709003489366,80.17623843347076,989.1950083458889,2507.2238984605888,18,0.9723779750500725,0.9573535421667625,18,0.9566432034157912,0.9416069196738548,18,0.5106381288513927,0.527017883642203
